{
  "url": "https://opencode.ai/docs/network/",
  "title": "Network | OpenCode",
  "description": "Configure proxies and custom certificates.",
  "content_type": "how_to",
  "taxonomies": {
    "framework": [
      "express"
    ],
    "language": [
      "go",
      "rust"
    ],
    "tool": [
      "git"
    ],
    "platform": [
      "web"
    ]
  },
  "entities": {
    "code_references": [
      "tmpl",
      "openBtn",
      "getItem",
      "replaceChildren",
      "matchMedia",
      "shortcut",
      "forEach",
      "querySelectorAll",
      "querySelector",
      "storedTheme",
      "updatePickers",
      "newIcon",
      "theme",
      "SidebarRestore",
      "select",
      "oldIcon",
      "t",
      "s",
      "platformKey"
    ],
    "api_endpoints": [],
    "file_extensions": [
      "mdx",
      "31",
      "64",
      "17",
      "3185",
      "18a4",
      "5851",
      "4716",
      "33c",
      "4444"
    ],
    "command_names": []
  },
  "version": "v",
  "last_updated": "2025-12-31T16:54:01.000Z",
  "word_count": 3515,
  "code_blocks_count": 6,
  "heading_count": 5,
  "link_count": 56,
  "image_count": 2,
  "keywords": [
    "class",
    "astro",
    "span",
    "wiagppvi",
    "style",
    "color",
    "aria",
    "badge",
    "href",
    "docs",
    "hidden",
    "size",
    "width",
    "where",
    "current",
    "height",
    "starlight",
    "text",
    "false",
    "content"
  ],
  "reading_time": 18,
  "complexity_score": 4.1,
  "metadata_generated": "2026-01-01T22:19:18.874362"
}