{
  "url": "https://opencode.ai/legal/terms-of-service",
  "title": "OpenCode | Terms of Service",
  "description": "OpenCode - The open source coding agent.",
  "content_type": "how_to",
  "taxonomies": {
    "framework": [
      "express"
    ],
    "language": [
      "go"
    ],
    "cloud": [
      "aws"
    ],
    "tool": [
      "git"
    ],
    "platform": [
      "web"
    ]
  },
  "entities": {
    "code_references": [
      "t",
      "fe",
      "or",
      "has",
      "s",
      "hasAttribute",
      "Promise",
      "actions",
      "url",
      "action",
      "forEach",
      "push"
    ],
    "api_endpoints": [],
    "file_extensions": [
      "8125",
      "w3",
      "host",
      "75L9",
      "has",
      "1875",
      "4375",
      "75M9",
      "ai",
      "css"
    ],
    "command_names": []
  },
  "version": null,
  "last_updated": null,
  "word_count": 4620,
  "code_blocks_count": 0,
  "heading_count": 35,
  "link_count": 30,
  "image_count": 2,
  "keywords": [
    "font",
    "services",
    "opencode",
    "terms",
    "data",
    "href",
    "these",
    "assets",
    "arbitration",
    "link",
    "style",
    "payment",
    "face",
    "family",
    "party",
    "display",
    "format",
    "swap",
    "normal",
    "weight"
  ],
  "reading_time": 23,
  "complexity_score": 5.0,
  "metadata_generated": "2026-01-01T22:20:38.411537"
}