{
  "url": "https://opencode.ai/docs/gitlab/",
  "title": "GitLab | OpenCode",
  "description": "Use OpenCode in GitLab issues and merge requests.",
  "content_type": "how_to",
  "taxonomies": {
    "framework": [
      "express"
    ],
    "language": [
      "java",
      "go"
    ],
    "tool": [
      "git",
      "npm"
    ],
    "platform": [
      "web"
    ]
  },
  "entities": {
    "code_references": [
      "tmpl",
      "openBtn",
      "getItem",
      "replaceChildren",
      "matchMedia",
      "shortcut",
      "forEach",
      "querySelectorAll",
      "querySelector",
      "storedTheme",
      "updatePickers",
      "newIcon",
      "theme",
      "SidebarRestore",
      "select",
      "oldIcon",
      "t",
      "s",
      "platformKey"
    ],
    "api_endpoints": [],
    "file_extensions": [
      "mdx",
      "31",
      "64",
      "17",
      "18a4",
      "2294",
      "33c",
      "54a1",
      "16",
      "03"
    ],
    "command_names": [
      "update --quiet &#x26;&#x26; apt",
      "install --yes curl wget gpg git &#x26;&#x26; rm",
      "install --global opencode",
      "recursive --force /var/lib/apt/lists/*</span></div></div><div class=\"ec",
      "curl --silent"
    ]
  },
  "version": "v",
  "last_updated": "2025-12-31T16:54:01.000Z",
  "word_count": 5115,
  "code_blocks_count": 14,
  "heading_count": 9,
  "link_count": 72,
  "image_count": 2,
  "keywords": [
    "span",
    "class",
    "astro",
    "style",
    "wiagppvi",
    "code",
    "line",
    "href",
    "color",
    "opencode",
    "aria",
    "badge",
    "indent",
    "gitlab",
    "docs",
    "ufgicomt",
    "depth",
    "hidden",
    "size",
    "data"
  ],
  "reading_time": 26,
  "complexity_score": 5.2,
  "metadata_generated": "2026-01-01T22:19:33.938188"
}