{
  "url": "https://opencode.ai/docs/acp/",
  "title": "ACP Support | OpenCode",
  "description": "Use OpenCode in any ACP-compatible editor.",
  "content_type": "faq",
  "taxonomies": {
    "framework": [
      "express"
    ],
    "language": [
      "go"
    ],
    "tool": [
      "git"
    ],
    "platform": [
      "web"
    ]
  },
  "entities": {
    "code_references": [
      "tmpl",
      "openBtn",
      "getItem",
      "replaceChildren",
      "matchMedia",
      "shortcut",
      "forEach",
      "querySelectorAll",
      "querySelector",
      "storedTheme",
      "updatePickers",
      "newIcon",
      "theme",
      "SidebarRestore",
      "select",
      "oldIcon",
      "t",
      "s",
      "platformKey"
    ],
    "api_endpoints": [],
    "file_extensions": [
      "64",
      "17a1",
      "5547",
      "4696",
      "66",
      "1875",
      "16",
      "2155",
      "84",
      "png"
    ],
    "command_names": []
  },
  "version": "v",
  "last_updated": "2025-12-31T16:54:01.000Z",
  "word_count": 4357,
  "code_blocks_count": 20,
  "heading_count": 8,
  "link_count": 72,
  "image_count": 2,
  "keywords": [
    "span",
    "class",
    "astro",
    "style",
    "wiagppvi",
    "code",
    "href",
    "color",
    "aria",
    "line",
    "badge",
    "indent",
    "docs",
    "opencode",
    "ufgicomt",
    "depth",
    "hidden",
    "size",
    "data",
    "content"
  ],
  "reading_time": 22,
  "complexity_score": 4.8,
  "metadata_generated": "2026-01-01T22:19:53.040867"
}