{
  "url": "https://opencode.ai/docs/tools/",
  "title": "Tools | OpenCode",
  "description": "Manage the tools an LLM can use.",
  "content_type": "how_to",
  "taxonomies": {
    "framework": [
      "express"
    ],
    "language": [
      "go"
    ],
    "tool": [
      "git",
      "npm"
    ],
    "platform": [
      "web"
    ]
  },
  "entities": {
    "code_references": [
      "tmpl",
      "openBtn",
      "getItem",
      "replaceChildren",
      "matchMedia",
      "shortcut",
      "forEach",
      "querySelectorAll",
      "querySelector",
      "storedTheme",
      "updatePickers",
      "newIcon",
      "you",
      "theme",
      "SidebarRestore",
      "select",
      "oldIcon",
      "t",
      "s",
      "platformKey"
    ],
    "api_endpoints": [],
    "file_extensions": [
      "mdx",
      "31",
      "64",
      "17",
      "5547",
      "18a4",
      "8805",
      "33c",
      "54a1",
      "16"
    ],
    "command_names": []
  },
  "version": "v",
  "last_updated": "2025-12-31T16:54:01.000Z",
  "word_count": 6022,
  "code_blocks_count": 71,
  "heading_count": 23,
  "link_count": 121,
  "image_count": 2,
  "keywords": [
    "span",
    "class",
    "style",
    "astro",
    "code",
    "ufgicomt",
    "depth",
    "line",
    "href",
    "wiagppvi",
    "tools",
    "indent",
    "color",
    "aria",
    "data",
    "badge",
    "json",
    "opencode",
    "true",
    "docs"
  ],
  "reading_time": 30,
  "complexity_score": 5.2,
  "metadata_generated": "2026-01-01T22:19:35.544458"
}