{
  "url": "https://opencode.ai/auth",
  "title": "OpenAuth",
  "description": "",
  "content_type": "conceptual",
  "taxonomies": {
    "language": [
      "go"
    ],
    "tool": [
      "git"
    ]
  },
  "entities": {
    "code_references": [
      "url",
      "oklch",
      "var"
    ],
    "api_endpoints": [],
    "file_extensions": [
      "92",
      "714",
      "9c",
      "22",
      "09",
      "03",
      "83",
      "org",
      "88",
      "4z"
    ],
    "command_names": []
  },
  "version": null,
  "last_updated": null,
  "word_count": 848,
  "code_blocks_count": 0,
  "heading_count": 0,
  "link_count": 2,
  "image_count": 2,
  "keywords": [
    "color",
    "background",
    "data",
    "font",
    "dark",
    "success",
    "light",
    "oklch",
    "calc",
    "component",
    "error",
    "size",
    "display",
    "border",
    "width",
    "icon",
    "flex",
    "primary",
    "clamp",
    "center"
  ],
  "reading_time": 4,
  "complexity_score": 0.1,
  "metadata_generated": "2026-01-01T22:20:07.484288"
}