{
  "url": "https://opencode.ai/docs/ide",
  "title": "IDE | OpenCode",
  "description": "The OpenCode extension for VS Code, Cursor, and other IDEs",
  "content_type": "how_to",
  "taxonomies": {
    "language": [
      "go"
    ],
    "tool": [
      "git"
    ],
    "platform": [
      "linux",
      "windows",
      "web"
    ]
  },
  "entities": {
    "code_references": [
      "tmpl",
      "openBtn",
      "getItem",
      "replaceChildren",
      "matchMedia",
      "shortcut",
      "forEach",
      "querySelectorAll",
      "querySelector",
      "storedTheme",
      "updatePickers",
      "newIcon",
      "theme",
      "SidebarRestore",
      "select",
      "oldIcon",
      "t",
      "s",
      "platformKey"
    ],
    "api_endpoints": [],
    "file_extensions": [
      "mdx",
      "31",
      "64",
      "17",
      "18a4",
      "33c",
      "54a1",
      "16",
      "03",
      "83"
    ],
    "command_names": [
      "code --wait"
    ]
  },
  "version": "v",
  "last_updated": "2025-12-31T16:54:01.000Z",
  "word_count": 3134,
  "code_blocks_count": 19,
  "heading_count": 6,
  "link_count": 59,
  "image_count": 2,
  "keywords": [
    "astro",
    "class",
    "wiagppvi",
    "span",
    "color",
    "badge",
    "aria",
    "href",
    "style",
    "docs",
    "code",
    "hidden",
    "size",
    "current",
    "where",
    "ufgicomt",
    "depth",
    "width",
    "text",
    "false"
  ],
  "reading_time": 16,
  "complexity_score": 4.2,
  "metadata_generated": "2026-01-01T22:21:09.749413"
}