{
  "url": "https://opencode.ai/docs",
  "title": "Intro | OpenCode",
  "description": "Get started with OpenCode.",
  "content_type": "how_to",
  "taxonomies": {
    "framework": [
      "express"
    ],
    "language": [
      "go"
    ],
    "cloud": [
      "docker"
    ],
    "tool": [
      "git",
      "npm",
      "yarn"
    ],
    "platform": [
      "linux",
      "macos",
      "windows",
      "web"
    ]
  },
  "entities": {
    "code_references": [
      "tmpl",
      "openBtn",
      "getItem",
      "replaceChildren",
      "matchMedia",
      "shortcut",
      "forEach",
      "querySelectorAll",
      "querySelector",
      "storedTheme",
      "updatePickers",
      "newIcon",
      "r",
      "theme",
      "SidebarRestore",
      "select",
      "oldIcon",
      "t",
      "s",
      "platformKey"
    ],
    "api_endpoints": [
      "/api/index"
    ],
    "file_extensions": [
      "64",
      "17a1",
      "5547",
      "4696",
      "66",
      "1875",
      "16",
      "2155",
      "84",
      "png"
    ],
    "command_names": [
      "paru -S opencode",
      "install -g opencode",
      "curl -fsSL https://opencode.ai/install | bash\"><div></div></button></div></figure></div>"
    ]
  },
  "version": "v",
  "last_updated": "2025-12-31T16:54:01.000Z",
  "word_count": 6441,
  "code_blocks_count": 65,
  "heading_count": 14,
  "link_count": 98,
  "image_count": 3,
  "keywords": [
    "class",
    "span",
    "astro",
    "style",
    "code",
    "wiagppvi",
    "data",
    "href",
    "aria",
    "button",
    "opencode",
    "color",
    "ufgicomt",
    "depth",
    "badge",
    "copy",
    "docs",
    "content",
    "figure",
    "figcaption"
  ],
  "reading_time": 32,
  "complexity_score": 5.1,
  "metadata_generated": "2026-01-01T22:20:25.344496"
}