{
  "url": "https://opencode.ai/docs/models",
  "title": "Models | OpenCode",
  "description": "Configuring an LLM provider and model.",
  "content_type": "how_to",
  "taxonomies": {
    "framework": [
      "express"
    ],
    "language": [
      "go"
    ],
    "tool": [
      "git"
    ],
    "platform": [
      "web"
    ]
  },
  "entities": {
    "code_references": [
      "tmpl",
      "openBtn",
      "getItem",
      "replaceChildren",
      "matchMedia",
      "shortcut",
      "forEach",
      "querySelectorAll",
      "querySelector",
      "storedTheme",
      "updatePickers",
      "newIcon",
      "you",
      "theme",
      "SidebarRestore",
      "select",
      "oldIcon",
      "t",
      "s",
      "platformKey"
    ],
    "api_endpoints": [],
    "file_extensions": [
      "mdx",
      "31",
      "64",
      "17",
      "18a4",
      "2294",
      "33c",
      "54a1",
      "16",
      "03"
    ],
    "command_names": []
  },
  "version": "v",
  "last_updated": "2025-12-31T16:54:01.000Z",
  "word_count": 4939,
  "code_blocks_count": 39,
  "heading_count": 12,
  "link_count": 84,
  "image_count": 2,
  "keywords": [
    "span",
    "class",
    "astro",
    "style",
    "code",
    "wiagppvi",
    "href",
    "line",
    "color",
    "aria",
    "ufgicomt",
    "depth",
    "indent",
    "badge",
    "docs",
    "models",
    "auto",
    "opencode",
    "highlight",
    "mark"
  ],
  "reading_time": 25,
  "complexity_score": 5.2,
  "metadata_generated": "2026-01-01T22:20:46.446578"
}