{
  "url": "https://opencode.ai/docs/share",
  "title": "Share | OpenCode",
  "description": "Share your OpenCode conversations.",
  "content_type": "faq",
  "taxonomies": {
    "framework": [
      "express"
    ],
    "language": [
      "go"
    ],
    "tool": [
      "git"
    ],
    "platform": [
      "web"
    ]
  },
  "entities": {
    "code_references": [
      "tmpl",
      "openBtn",
      "getItem",
      "replaceChildren",
      "matchMedia",
      "shortcut",
      "forEach",
      "querySelectorAll",
      "querySelector",
      "storedTheme",
      "updatePickers",
      "newIcon",
      "theme",
      "SidebarRestore",
      "select",
      "oldIcon",
      "t",
      "s",
      "platformKey"
    ],
    "api_endpoints": [],
    "file_extensions": [
      "mdx",
      "31",
      "64",
      "17",
      "5547",
      "18a4",
      "8805",
      "33c",
      "54a1",
      "16"
    ],
    "command_names": []
  },
  "version": "v",
  "last_updated": "2025-12-31T16:54:01.000Z",
  "word_count": 3781,
  "code_blocks_count": 17,
  "heading_count": 12,
  "link_count": 80,
  "image_count": 2,
  "keywords": [
    "class",
    "astro",
    "span",
    "style",
    "wiagppvi",
    "href",
    "color",
    "ufgicomt",
    "depth",
    "aria",
    "badge",
    "docs",
    "code",
    "data",
    "hidden",
    "share",
    "size",
    "where",
    "current",
    "width"
  ],
  "reading_time": 19,
  "complexity_score": 5.0,
  "metadata_generated": "2026-01-01T22:20:12.189433"
}