{
  "url": "https://opencode.ai/docs/themes",
  "title": "Themes | OpenCode",
  "description": "Select a built-in theme or define your own.",
  "content_type": "reference",
  "taxonomies": {
    "framework": [
      "express"
    ],
    "language": [
      "go"
    ],
    "tool": [
      "git"
    ],
    "platform": [
      "windows",
      "web"
    ]
  },
  "entities": {
    "code_references": [
      "tmpl",
      "openBtn",
      "getItem",
      "replaceChildren",
      "matchMedia",
      "shortcut",
      "forEach",
      "querySelectorAll",
      "querySelector",
      "storedTheme",
      "updatePickers",
      "newIcon",
      "theme",
      "SidebarRestore",
      "select",
      "oldIcon",
      "t",
      "s",
      "platformKey"
    ],
    "api_endpoints": [],
    "file_extensions": [
      "mdx",
      "31",
      "64",
      "17",
      "18a4",
      "33c",
      "54a1",
      "16",
      "03",
      "83"
    ],
    "command_names": [
      "mkdir -p .opencode/themes\u007fvim .opencode/themes/my",
      "mkdir -p ~/.config/opencode/themes\u007fvim ~/.config/opencode/themes/my"
    ]
  },
  "version": "v",
  "last_updated": "2025-12-31T16:54:01.000Z",
  "word_count": 5905,
  "code_blocks_count": 40,
  "heading_count": 13,
  "link_count": 89,
  "image_count": 2,
  "keywords": [
    "span",
    "class",
    "style",
    "astro",
    "code",
    "line",
    "indent",
    "light",
    "wiagppvi",
    "dark",
    "color",
    "href",
    "theme",
    "ufgicomt",
    "depth",
    "badge",
    "aria",
    "docs",
    "themes",
    "auto"
  ],
  "reading_time": 30,
  "complexity_score": 5.4,
  "metadata_generated": "2026-01-01T22:20:16.093641"
}