{
  "url": "https://opencode.ai/docs/formatters/",
  "title": "Formatters | OpenCode",
  "description": "OpenCode uses language specific formatters.",
  "content_type": "how_to",
  "taxonomies": {
    "framework": [
      "express"
    ],
    "language": [
      "go",
      "rust"
    ],
    "tool": [
      "git",
      "prettier"
    ],
    "platform": [
      "web"
    ]
  },
  "entities": {
    "code_references": [
      "tmpl",
      "openBtn",
      "getItem",
      "replaceChildren",
      "matchMedia",
      "shortcut",
      "forEach",
      "querySelectorAll",
      "querySelector",
      "storedTheme",
      "updatePickers",
      "newIcon",
      "theme",
      "SidebarRestore",
      "select",
      "oldIcon",
      "t",
      "s",
      "platformKey"
    ],
    "api_endpoints": [],
    "file_extensions": [
      "mdx",
      "zig",
      "31",
      "64",
      "17",
      "18a4",
      "33c",
      "54a1",
      "16",
      "03"
    ],
    "command_names": []
  },
  "version": "v",
  "last_updated": "2025-12-31T16:54:01.000Z",
  "word_count": 3617,
  "code_blocks_count": 45,
  "heading_count": 7,
  "link_count": 65,
  "image_count": 2,
  "keywords": [
    "class",
    "span",
    "astro",
    "style",
    "code",
    "wiagppvi",
    "color",
    "href",
    "badge",
    "aria",
    "docs",
    "auto",
    "ufgicomt",
    "depth",
    "line",
    "hidden",
    "size",
    "opencode",
    "false",
    "where"
  ],
  "reading_time": 18,
  "complexity_score": 4.5,
  "metadata_generated": "2026-01-01T22:19:46.691302"
}